term,equivalents,domain,note
fon kullandırım,kredi|finansman|loan|credit|kullandırım,katılım,Katılım bankacılığında kredinin karşılığı
kâr payı,faiz|getiri|profit share|interest|kar payı,katılım,
icare,leasing|finansal kiralama|ijara|kiralama,katılım,
murabaha,vadeli satış|cost plus financing,katılım,
sukuk,kira sertifikası|islamic bond,katılım,
katılma hesabı,mevduat|vadeli hesap|participation account,katılım,
tahsis,limit|kredi limiti|allotment|facility,kredi,
memzuç,risk merkezi|TBB risk merkezi|toplam risk,risk,
donuk alacak,takipteki alacak|NPL|non performing|tahsili gecikmiş,risk,
canlı risk,performing|aktif risk|live risk,risk,
nakdi risk,cash risk|nakit kredi riski,risk,
gayrinakdi risk,non cash risk|teminat mektubu riski|gayri nakdi,risk,
teminat mektubu,TM|letter of guarantee|garanti mektubu,risk,
doluluk oranı,kullanım oranı|utilization|fullness|limit kullanımı|limit doluluk,kart,
limit,tanımlı limit|credit limit|card limit,kart,
kredi kartı,KK|credit card|kart,kart,
banka kartı,debit card|debit kart,kart,
nakit avans,cash advance|nakit çekim,kart,
ihtiyaç kredisi,tüketici kredisi|consumer loan|ihtiyaç finansmanı|bireysel kredi,ürün,
konut kredisi,mortgage|housing finance|konut finansmanı,ürün,
taşıt kredisi,araç kredisi|vehicle loan|otomobil kredisi,ürün,
KMH,kredili mevduat hesabı|overdraft|artı para,ürün,
müşteri numarası,hesap numarası|CIF|müşteri no|hesap no|customer id|customer number|account number|müşteri kimlik no,anahtar,Kurum kararı: müşteri no ve hesap no aynı kavram (ADR-009)
müşteri SKEY,customer party id|party id|DWH müşteri no|surrogate key,anahtar,
periyot,dönem|ay yıl|YYYYMM|period|month,zaman,
veri tarihi,data date|rapor tarihi|iş tarihi|dönem sonu,zaman,
işlem tarihi,transaction date|tran date|transfer date,zaman,
para transferi,EFT|havale|money transfer|transfer|gönderim,işlem,
FAST,anlık transfer|instant transfer|fonların anlık ve sürekli transferi,işlem,
virman,hesaplar arası transfer|kendi hesabına transfer|internal transfer,işlem,
SWIFT,uluslararası transfer|yurt dışı transfer|international transfer,işlem,
alıcı,karşı taraf|receiver|beneficiary|lehtar,işlem,
gönderen,sender|gönderici|remitter,işlem,
bakiye,balance|tutar|meblağ,finansal,
tutar,amount|meblağ|toplam,finansal,
adet,sayı|count|işlem adedi|sayısı,finansal,
gecikme gün sayısı,DPD|days past due|overdue day,risk,
temerrüt olasılığı,PD|probability of default,risk,
içsel derecelendirme,rating|IDM|internal rating|not,risk,
IFRS 9 aşaması,stage|UFRS 9|evre,risk,
KKB,kredi kayıt bürosu|credit bureau|findeks,dış veri,
KRS,kredi referans sistemi,dış veri,
segment,müşteri sınıfı|customer class|sınıf|bireysel kobi ticari kurumsal,müşteri,
şube,branch|şube kodu,organizasyon,
kanal,channel|işlem kanalı|dijital şube ATM,organizasyon,
